path,bytes,sha256
tex/volume_II/en/ch6/001_p001.tex,2670,A9748FD92B85597DFF3D7B6EDE251C9371A2E7BD5000526AD2129699302C955D
tex/volume_II/en/ch6/002_p002.tex,2579,742BE8B3422F1D9B175330B5F615719B842D8E50FAF5372B2B0A0B6A531AD1A7
tex/volume_II/en/ch6/003_p003.tex,1359,EB7232A696488810A8CBD1B35D4675B9D6D734692EE234B7FA90FD2FC12E1EF3
tex/volume_II/en/ch6/004_p004.tex,3029,AF8156B325874A12A90A1AFB5074586CF22104306358D8DA337DB91C60F98CCA
tex/volume_II/en/ch6/005_p005.tex,3541,AE530A2BB9990575449CA0E7FA730F85591C017AC08DCB77A363F946EE7E4F80
tex/volume_II/en/ch6/006_p006.tex,4668,4B040E6A4BE81E29812125D2B251B306B1E17256ECE46A59AC6416267CC01172
tex/volume_II/en/ch6/007_p007.tex,3044,7486609F796BE96610A9F75858107470AC70D5FDA0575CA127EE14E2B7F55FEE
tex/volume_II/en/ch6/008_p008.tex,4401,52DA4E04BAA8DDD5FA204FFA892616DDAD69EF49E69338FD149A22DD2D80D4E0
tex/volume_II/en/ch6/009_p009.tex,3604,FA7E7B49800D36528D647624FEBDA39E187A03FDE3D632A5EBF2CCD65B0DABDB
tex/volume_II/en/ch6/010_p010.tex,4200,93285728DB46F66209ED3DBFA44D69F6B6AF6EC8D1652F03BB66F39F5610FFFC
tex/volume_II/en/ch6/011_p011.tex,3784,0271693A8BC05705168F211403ABD3FCD04E5A13C7FF4762C77EA8D7E40966C6
tex/volume_II/en/ch6/012_p012.tex,4486,1901CAC67B043AA751921A5A9A641C2317D82C2BFB69676D6B45C9D8C8B1683F
tex/volume_II/en/ch6/013_p013.tex,4000,635C19D140B1BFFCD2B3434A733F1601647B40306EA347A104F17F330B181F6B
tex/volume_II/en/ch6/014_p014.tex,3829,A5BFCB27E74BE45935668BEA7AD11C5DE435CCB9151643375650A6C8A627B52E
tex/volume_II/en/ch6/015_p015.tex,4045,840215685AF695E43BF6B8900D43E8767F02B319A2207C811A3CDB7CD0490724
tex/volume_II/en/ch6/016_p016.tex,4311,270F3AF5FACAC81BD9FCBB7EBDB72E34FED0FA91E1F0316E086796227578260F
tex/volume_II/en/ch6/017_p017.tex,5054,92D3D67E792F8AFCFA6DE3B35C52E4336A4CC424A708F9A541CD986A807F3C84
tex/volume_II/en/ch6/018_p018.tex,4122,FE65DBB3BBA2ABB9026942C952C5832157A5BD9558F6579CDDC584512CD4B8BF
tex/volume_II/en/ch6/019_p019.tex,4180,3D15528B74377D92255940BF58AF60F3AAC3468EA9D48B4E45F0EE685AABE9E8
tex/volume_II/en/ch6/020_p020.tex,4536,B56DE5F7AF0CD212B3AC05776372451A5E8345EADB361BC4B8D98FCF33DADF84
tex/volume_II/en/ch6/021_p021.tex,4827,99A655D09185287CAEF878263BC6CD0A989823B795AAE7BF8B2375760E8049F7
tex/volume_II/en/ch6/022_p022.tex,4232,62F712205AECDD41F1FA0FFE5955AD2D43A777F2F25FCDEC72C1A1DDE4E69403
tex/volume_II/en/ch6/023_p023.tex,5240,402BA757D35FFAF4FCF2597615792C205D29C3C0C48A2364E26D0A73F122CD08
tex/volume_II/en/ch6/024_p024.tex,3597,ACD435F4B7F57490650D6FA1A383882E33F11E3F865D35D87B1087E08F41B577
tex/volume_II/en/ch6/025_p025.tex,4914,F5C681DC03ECD7EBC1D6D1C2B9E74926A2F1FBD3E489658ECC23E501C61029B5
tex/volume_II/en/ch6/026_p026.tex,3170,6D2CA51C176FE5C226CE91B93AAFAA8E13976E8C21FE0C6BD7640EBAF78C4B8F
tex/volume_II/en/ch6/027_p027.tex,4427,DD1B4E027E8C3343B16A9CE1F020983AD027320099EB2111A42FED6BD28F624E
tex/volume_II/en/ch6/028_p028.tex,4127,9BA89ED559D42C01B61F0DD8AC30A9380979B18C7B0C97972B5251B74B8676F6
tex/volume_II/en/ch6/029_p029.tex,4613,265F8D3C00FE5F1B3299FEECCDFC4852B29D06FE2115BB3BD6A1054E4823EE21
tex/volume_II/en/ch6/030_p030.tex,5193,033B1FFDDFD523FD3D7E940230491618D2AFC50D0EC0AE0F8CE9F4CD4B9FE825
tex/volume_II/en/ch6/031_p031.tex,3778,1BF8D6A3C6FDA3D36DD371945B1DB8113DE8BBCDEF7A238A6E8E2CD43AE211E3
tex/volume_II/en/ch6/032_p032.tex,5641,4988F121F6A142396D1A709147C39430EDB51E60B204472F02DF88D567E284F6
tex/volume_II/en/ch6/033_p033.tex,3459,BB35D889F9DFBB022349A2F7228837A51C9A4EAE3A2CE0E5E06EAC994431345B
tex/volume_II/en/ch6/034_p034.tex,3398,6674FB8EA53AFDE73C646C170B96681CDB2CC77E29137B0E71E61371CD49149A
tex/volume_II/en/ch6/035_p035.tex,3510,5F7389985989ADA194EF1D129B9B52045208240D4C946950BAA2040EB19F3E72
tex/volume_II/en/ch6/036_p036.tex,3902,DD4ED0AAC1D3E94237B13996CD8A82372FE76BBBDE7C159EBF4C77EA3F4853ED
tex/volume_II/en/ch6/037_p037.tex,4251,EF3AB97795189E8BC0263E32534DCAB0399D53CD483B8695C17FEBF96662B7C1
tex/volume_II/en/ch6/038_p038.tex,3579,F7D029DBF89E6BC3B05147320EA40336C7B199A761105CBB30E004745B0939F4
tex/volume_II/en/ch6/039_p039.tex,3546,7F0DC2A70FCB92BC061359B8A848EF341F812C12238E16152304A9653435F889
tex/volume_II/en/ch6/040_p040.tex,3106,FB813AE3F2EF63C347317A1513EA898FA8AEAE0EA59652BB737E5F424AA66C71
tex/volume_II/en/ch6/041_p041.tex,4011,F265CF7018E435B640E407033C29CA82D134781F083BF04D5FF5CBF62121F578
tex/volume_II/en/ch6/042_p042.tex,3266,E4AB59EDF702A8D6CF8C98785D2950E50B7560C07DF72466EA33F63E6EF0C8AA
tex/volume_II/en/ch6/043_p043.tex,5243,FC44D2A33559AC02404474F5FCC2067254854FB6903C26385443CE5E9E754F0A
tex/volume_II/en/ch6/044_p044.tex,4193,B3DB830CF5FEF5A96D338EF50A518B4981CDEE72FE5AA0B9006C3BAF458E75C7
tex/volume_II/en/ch6/045_p045.tex,4289,0895E72FFC76DF89394354FAE32142F35E41C27B054E7FDA5F023921EA2CB36A
tex/volume_II/en/ch6/046_p046.tex,3403,8F7F814D75E113390589109A9844A51CB79518F3D908D08DA4F716AB616824E4
tex/volume_II/en/ch6/047_p047.tex,4157,FC76ABA49D3C72414D12368CDAFD44B6ACF7A5B732A019B79F8FDC508F55F37D
tex/volume_II/en/ch6/048_p048.tex,4172,692F971EEB9C6E70B4484D614D7069425574773BFF3126DCF5D8B73CBC4722C4
tex/volume_II/en/ch6/049_p049.tex,5038,9A0DDE4E5DFFEEE6575F047597D89495F080C515F4FD0A7949890AAE2F31C349
tex/volume_II/en/ch6/050_p050.tex,3923,1DD3D39479F29FDCC11DD96F511A5DE5DF9AA7E30CEE23AF05C885314307FDC8
tex/volume_II/en/ch6/051_p051.tex,4237,CF461C2A048386098C4107D92A83D401B63E6C40C69A9C5A381B2DE78D76F821
tex/volume_II/en/ch6/052_p052.tex,4427,439119532BF3BD623EBF0879AE5476149F6842F8943149423C390B8A007E56EA
tex/volume_II/en/ch6/053_p053.tex,4694,68C00B01FD8AC45EB4CDD77C9B26ADDA7C87F0213DCCEE0A37D8AE4838D34BD9
tex/volume_II/en/ch6/054_p054.tex,3984,D9EB97D3CD3DB19E0CCF854799299729809D7C52F9E6246F3C5B890FE252619E
tex/volume_II/en/ch6/055_p055.tex,3439,35DCA8DD8D3A9FD3E855D871F84F0AA1FFF15432E40C4A07A4658932DB286DE4
tex/volume_II/en/ch6/056_p056.tex,4600,131EE2A5FE3597DA89078120A946F0B966EC704303A07D52E58778E08D853953
tex/volume_II/en/ch6/057_p057.tex,3680,508F69981E1F498F55FD13ABF4ACD1559083526C08D309CC2FDA58E8D4430417
tex/volume_II/en/ch6/058_p058.tex,4230,AC2B6CD7201226E0836CC8B7C7F699697C99B35908E921A56E94401D9CFAB620
tex/volume_II/en/ch6/059_p059.tex,2467,2CFC27166AFEFEB16D7AEF7715444C39AE85C0CA76EE47CDFA56A39EC205E4DD
tex/volume_II/en/ch6/060_p060.tex,4163,D5B7E43CBE89C638C715B26166BB7E4E8F121566AC14F8C9D54A4DEF2F9C501B
tex/volume_II/en/ch6/061_p061.tex,4418,D011FA6B8B851F7DCBFC29523ED2A6C48997717C951FDE38A5773EBC3EA63ABF
tex/volume_II/en/ch6/062_p062.tex,4484,A0F29834EC0AC7F81017B7B187C808B5099B3530647278B91BDAABDFAC419783
tex/volume_II/en/ch6/063_p063.tex,2743,4C78C759CA9B2F700DB719949F623DE783C9B43118C251378C858952138E4138
tex/volume_II/en/ch6/064_p064.tex,3004,405102520B1605811A65A2224F1EB0E52723DA4F6E3F0064D7D6B7F174380632
tex/volume_II/en/ch6/065_p065.tex,3948,E5913BE877E86580FAF6AE4093DF5B916AC22DBD639D14F4CB79631CAEC90537
tex/volume_II/en/ch6/066_p066.tex,3330,459C921BE55F9001DB1BCCA579149EE53ADF76E7DC97F45512DBA3C1730D3DCF
tex/volume_II/en/ch6/067_p067.tex,4065,7127CC04338F6856F8FE9273E4E0C877EE7218416E0DC4F63F6AE131C94311FC
tex/volume_II/en/ch6/068_p068.tex,2693,642ACB82AC2CAB59168F034E5E7A6D33C118CC057EA70A99027E8097F6AA097F
tex/volume_II/en/ch6/069_p069.tex,5372,F8609628FA0423EA04B88DC484120A4C3D7EDC4786B0499E3CDF01771C17F710
tex/volume_II/en/ch6/070_p070.tex,3998,CB276BBEC8BB9DD241D703A48079B3101E42830D34C6C3DBF9B09D3A3A912C53
tex/volume_II/en/ch6/071_p071.tex,4273,50FB1FB4391B312F0AE2E081135900B625B9B16CEED136F75D678E47B46D1595
tex/volume_II/en/ch6/072_p072.tex,2247,125AADC45610A78F90BFA04A1EAF5C06A49780346A722CE538A162BEB23260A4
tex/volume_II/en/ch6/073_p073.tex,4051,53E58277ED081DF1362C03B9B09244B50C59C80D373FAC1475684528FF3F103C
tex/volume_II/en/ch6/074_p074.tex,3995,351C5599015C3955275300F16D5E954602D82D4ACF5A94EFC4CB06E2D7B135B3
tex/volume_II/en/ch6/075_p075.tex,5684,409ECA495B0758AE12356AFD608D7DCE017A14B9CB2EC5A44CE76116C648F51F
tex/volume_II/en/ch6/076_p076.tex,3954,2813DF498B469ED1934AA1DCBEE03BF1EF3C3D50EC59C2DB393E82EED1759170
tex/volume_II/en/ch6/077_p077.tex,4304,807A4A2104F7A6891C9C2638DB8914C5A47FA37A99E46105331860721D9D9162
tex/volume_II/en/ch6/078_p078.tex,4452,C26ECE747C0931006845D5EA077F77F9D6540CDC7D007E40BA48CE4C52B512E5
tex/volume_II/en/ch6/079_p079.tex,4793,9EB62A545ECB69A38DE4A3D6AE8A2979E9C85D5C8243E445D39DB4F7B430D2C0
tex/volume_II/en/ch6/080_p080.tex,3726,11A426E6B1107E1C3276679D04DD27274C58DFE3299F7BEBE5E52FCD96FAAD20
tex/volume_II/en/ch6/081_p081.tex,3757,F7CF5A670C8C55B675EB4ED3C002150CABF35DBEFC75E7982877D0020DFD9898
tex/volume_II/en/ch6/082_p082.tex,3483,4EEC39189C438D3F8E01BAABE757A768D51C73C0C012DCC456367BB96196DCFB
tex/volume_II/en/ch6/083_p083.tex,4436,901F04D65F1F294C91C568DC8660A17475D6441F7D6495640328D3A6429FCC73
tex/volume_II/en/ch6/084_p084.tex,4574,0CE6532E96E231406D3F28595C5131E830442C96DE26A178C9FDA26A6DA205A4
tex/volume_II/en/ch6/085_p085.tex,3772,60607C1747B67214A9C12D7EEBF36796B7E8B925DAA2A27DA156D3149A0C5B14
tex/volume_II/en/ch6/086_p086.tex,2889,8CF5DE24D017B029C7F1B6A5C4599214012E009F8BB2209D338BDD02EE5C1306
tex/volume_II/en/ch6/087_p087.tex,3404,59527FF2848AC4496C26B10C9C059A2C84AF3CC79F544B11E54B184BDF6A0443
tex/volume_II/en/ch6/088_p088.tex,4040,53EB9CB05FC2C84FACC7664CF204D6B6A44601D620012FC79EE4D19605CF4212
tex/volume_II/en/ch6/089_p089.tex,4085,E2B26CC801E7DDCB6DB903E9E0C93D0A6E03603D908F05064C712FFB5CDB13A1
tex/volume_II/en/ch6/090_p090.tex,3983,95BFCA879047DD03D6606529B24456E4EC576304725EDE941BD426C926BAD4F2
tex/volume_II/en/ch6/091_p091.tex,3969,6D79D2A8134824B943FB7978C15D1F1E8A695D7043664739D489830A2732619B
tex/volume_II/en/ch6/092_p092.tex,4933,F87226D107E23D1F1DE73F65B8EE6EA6DC53913F29D306C42D23E5D057771C9B
tex/volume_II/en/ch6/093_p093.tex,4742,520EBD7979BC034858004238CB41765A79640488C9ABFD5122BCBE10146309A9
tex/volume_II/en/ch6/094_p094.tex,4359,A6B528A20C45DB98A17B908741B0E46CF75B84D62BE6785ED84D7B6886E0F269
tex/volume_II/en/ch6/095_p095.tex,4294,70393F5875E96E2C32C6E26CBDBA0F342D9FF8062234F56DA35761D32F8B670B
tex/volume_II/en/ch6/096_p096.tex,4249,17E61D9302C0C2FEBE09A5945E3D8BDBA8F4C6117BA862426E979E109B56C504
tex/volume_II/en/ch6/097_p097.tex,4603,361EBCA660C52CD0BFDB21E460B9016C4DAD154B72C8D2A7D750888176D23635
tex/volume_II/en/ch6/098_p098.tex,3863,BC0EFBCF7817E15C790A0490DE7373B40555C3AAE4C118EA0205081D0BA01BDB
tex/volume_II/en/ch6/099_p099.tex,3910,318065E93450921232B566CA28CD64D5C11F50BC4310AA7DEEC19FE6D41921C5
tex/volume_II/en/ch6/100_p100.tex,4080,680412D369F853259BBE0092D371F210A73BC71D4C7E802D71D438A48FE27B53
tex/volume_II/en/ch6/101_p101.tex,3715,2C83FF8644090BB5E7C6CAACF05BE5E0DF706F1E114E9FF67D7E4AE609ECAD02
tex/volume_II/en/ch6/102_p102.tex,3834,665D36FD7F06456A4078AB7A2788EF3D94D80FD7133C73E528B020D310B460E6
tex/volume_II/en/ch6/103_p103.tex,3739,D2FF6B3FDDCD4639FCA3F9A24A7ADAD01AFAE94C371C19D515982377923F9A9E
tex/volume_II/en/ch6/104_p104.tex,3757,471335F863B6B19DB9FB6F989CFB44E364441D6427C12B69E8AFAB35EBDAD185
tex/volume_II/en/ch6/105_p105.tex,4322,C544CD69C12F589740A3A81F9249FC87B772F85C60014EE78509F170D0782740
tex/volume_II/en/ch6/106_p106.tex,4547,938B393D1ADBFCC800ABB79CE1C5D7848A89A5910DC86E3F6A99B38EE592AC29
tex/volume_II/en/ch6/107_p107.tex,4273,B0F5EE2D2C7E47ACA5D6536F8B5D70CA1981817A08B9DF0628C99F19036BB202
tex/volume_II/en/ch6/108_p108.tex,4138,5C0692CB280EDB3BF41CBDBD49F61D692A5217C9068F134234A339DF1C9CE8CB
tex/volume_II/en/ch6/109_p109.tex,3614,8494F86C7D85E305341CDA56C00189D611104E9513319609C3DE543141BC467A
tex/volume_II/en/ch6/110_p110.tex,3897,E0029D989DA0DED7999F3A2398B2BACD9E8703792EC1DB0A3D6B2A225CEDF378
tex/volume_II/en/ch6/111_p111.tex,3108,450659CA73BA98D8C04CF94E20D154884947DD5B923B689FF284DA41672F5961
tex/volume_II/en/ch6/112_p112.tex,4171,90756ABAB7570DC0FED4666A5704363EAFA7A69B9AFE5300B8107D0AEF986178
tex/volume_II/en/ch6/113_p113.tex,4159,62F13603E5B1EC0605FEEADEEC3B4DC95576E9A07A9E15CA5B0DCDEF9FF67362
tex/volume_II/en/ch6/114_p114.tex,4324,D77892D397B609C89BF45B5BBE7148F6C45D7ED087D76A1B40F4B50113A887BE
tex/volume_II/en/ch6/115_p115.tex,3418,89E7971123766BF39A886E8B93950110429726387EDB2BAC693FFDF028E23CF8
tex/volume_II/en/ch6/116_p116.tex,4196,0A06CEF5D0A762AD7ADE05E94DA894EF1032F72C890FB4477923CD693CEB7918
tex/volume_II/en/ch6/117_p117.tex,4187,2E65203D8A79A631873ADB1C1BBB172A6032A39E2D1D7BFC06B143A521271FF2
tex/volume_II/en/ch6/118_p118.tex,4655,D469E1087DA167EE222101F2037BF1031D609354B9774EB431F1DF57BB6BD398
tex/volume_II/en/ch6/119_p119.tex,4253,917D07B170A7BCAD6486A692370160575F1D1E95D10C360704E9DBD144A7DDEF
tex/volume_II/en/ch6/120_p120.tex,4936,B627FB91829918F5D8CF967074C55CE0CEEC8B7C09AE65AF9488D413C90FD27E
tex/volume_II/en/ch6/121_p121.tex,3760,73EFCAA0EDEA5FDA9A0E8F0E5713E036BCFD55E6F08560BCAECC2599CA2F4D8C
tex/volume_II/en/ch6/122_p122.tex,3999,40BDE4067A10998F4B0FA483BAF3A6AB8B25256FEE43DA46AFD5B884363873EF
tex/volume_II/en/ch6/123_p123.tex,3994,E2FB41935040EE7989D6749CC20952FFCF9ECD5D7CBCD6001D65D2B82500D32F
tex/volume_II/en/ch6/124_p124.tex,3541,4B5AC6EE5BBB419C6C48BF1C5BFF18CCE6D9EBF3604131B9381B7E3A2FC53BD2
tex/volume_II/en/ch6/125_p125.tex,3634,ABB4BB1DEF08C760DFAB9C5DDE12AB7146C221C52A560B4BFC400A00D119AB02
tex/volume_II/en/ch6/126_p126.tex,5400,4B0A9B61352D41A8B8C9A1863D80B864410CFA6579314F46DA71E83CBB712799
tex/volume_II/en/ch6/127_p127.tex,3574,67B59D31426045FA10FEADE81CE199DFC8DA3B5634561608FE84D6C4DC63976B
tex/volume_II/en/ch6/128_p128.tex,3936,2281DC43970AB71DEADD9AE917743E81EA24699C0D685973DE879F9BAFB19A37
tex/volume_II/en/ch6/129_p129.tex,4096,43004293BB24F088FB83C4E9F0D62FD437F665D28FAA36AA5F9C0F44811C2F58
tex/volume_II/en/ch6/130_p130.tex,4120,9073DDD8C2221E9C72D9AC602AFD99F983CD8A0DA51C1DF31E2972F289B85793
tex/volume_II/en/ch6/131_p131.tex,4267,C004941AF6DA02304B9389C66D3FAFB54DADE8F6AA731B24CD1058C4C1D4D824
tex/volume_II/en/ch6/132_p132.tex,3982,4F82D25C1D3873311F1EADE67E96C4B536AF1D2113E11AA5EE4C4654A735BA6C
tex/volume_II/en/ch6/133_p133.tex,4661,50CA248C9DA59019E6DD2764A7679781C98B06FE41AAC937AFDC3B451262A1AC
tex/volume_II/en/ch6/134_p134.tex,3896,21B139716DEBE3CDDC308D57FC235D8133EFF707B1E79F6F1E3E202743CEA937
tex/volume_II/en/ch6/135_p135.tex,4685,A9D80AE7DF2C4C19E592EA438272015A9E3AD870ABB7B01F97B1CBEC0F2BA62D
tex/volume_II/en/ch6/136_p136.tex,4911,257BCB49791D26D6B71379802685CAABB15A11A7C1117580B4D6F4A0D4B2BD60
tex/volume_II/en/ch6/137_p137.tex,4370,39F4F0D7D13EAE323642B9E3F6013C25BA891FCA3A101B2EC5B869E2678248C8
tex/volume_II/en/ch6/138_p138.tex,4279,6A56A7143866BC19348825EAA72AEF5B045A16B0BF6AF92F8073740B59BCE74D
tex/volume_II/en/ch6/139_p139.tex,4467,1A9244DB0CB5F55ED9CE1DBE28660CFABB85A8CFE8F619667FB6757CA00427CE
tex/volume_II/en/ch6/140_p140.tex,4923,58E1AEB7947942B31776BE92040E8426A061ADD95315CA2BE0085A6385A35F9F
tex/volume_II/en/ch6/141_p141.tex,3969,6CC8D27570BA9D1D94B810EC4CA26781CA9FDE543C7CB6EBA101CD126644C8CE
tex/volume_II/en/ch6/142_p142.tex,3910,65CAF3D802BF53260E3DB7F764E8910947B89E6F46D4E4617C8595C0B4E6BA1C
tex/volume_II/en/ch6/143_p143.tex,4473,56F3B3D8D893457B2449863247D0617C0E294B2760F8CBAA83FFCF31650897DA
tex/volume_II/en/ch6/144_p144.tex,4303,46DD8C32F7A8B80C776C3F2A4AEBC29871E6241485CFCCCEC69BDE5EB4DCA893
tex/volume_II/en/ch6/145_p145.tex,3749,0B12F5DA6A9E61787DCE62692E6CE018DB026EC27DF8568C60321A24D0FF0ACC
tex/volume_II/en/ch6/146_p146.tex,4856,25B475ED431FA401B79D4DD0575378BBEDFE669FA16F56A3DAB7A9DD356A998C
tex/volume_II/en/ch6/147_p147.tex,4498,6047D6C5D95A7F27987993F9886F5AE5CE69314F58E66543A80D0C8449BE0E64
tex/volume_II/en/ch6/148_p148.tex,4776,6CB13958A56F2D3DD433D8A321641FE724B01C2E0AE42A007102391009FA629A
tex/volume_II/en/ch6/149_p149.tex,5173,68220A58485F7A79B332CD450B1B78AA5C6D613ACB88D399307268E3448EE996
tex/volume_II/en/ch6/150_p150.tex,4620,CB9CEA1D7F9BE34D360B6761D87982EC5C1B7F403B1AACDCE96A9EF39E15044F
tex/volume_II/en/ch6/151_p151.tex,4975,EC879DCC1931066991D712671C73CC262FE1E40ABBD93B425A135F61733F7DD5
tex/volume_II/en/ch6/152_p152.tex,4752,6D26AD18B0532741192EF413D31E4682ED27063997E7E58FAAB46C97E52F7BA7
tex/volume_II/en/ch6/153_p153.tex,4649,DD52A5476E2A8B213A3FC02B5D234F62B0200C9E32E0A413F1B10C25470B7055
tex/volume_II/en/ch6/154_p154.tex,4312,AFACFC6EBA333518543D00BF6F61DF37A481A0046C8A329CD46F8BD4C9B67744
tex/volume_II/en/ch6/155_p155.tex,6060,A36D7CB027DAF4D5A0DFD760B93A910C123CF6584E578CEFA6E63CD046C608E9
tex/volume_II/en/ch6/156_p156.tex,5337,4F6F4DC1A06F46CB97F921E0447C8C26B99E68D5FFDD18AF78C711B69083D776
tex/volume_II/en/ch6/157_p157.tex,5188,F40D57CFFA99C0ECBEEC3CCBDE858605E7A8FCFCF0E9B310755B7CCCE91AA1D3
tex/volume_II/en/ch6/158_p158.tex,5231,AD30142245998F81E55A6D300414F9D952001008E991EF19A1278BFB8E1CDC8C
tex/volume_II/en/ch6/159_p159.tex,5202,6AF9B3953F3E3CD19B27648F589D5016BCF7D0D52BCBA7BCD24D0E487EF4B912
tex/volume_II/en/ch6/160_p160.tex,5440,6BD3A68B502C8ED321F6587D78CFDDF3ECADEE15EA7E3F14B1B9FD58938ED2AF
tex/volume_II/en/ch6/161_p161.tex,4737,F9543B09A8209DE52AF94E9CA645B30C08B3D6702D6899B01771B88658931C77
tex/volume_II/en/ch6/162_p162.tex,5943,AFA0BB6F3D8B3B3AB4BE765513C547F2EAE1C97A4C5DAD1E4E2BEB048DA25480
tex/volume_II/en/ch6/163_p163.tex,5970,45D38304FDE0811B327BD7983DE0FF2AB1A2140D508B83E8031A7EDDD1F4EDFC
tex/volume_II/en/ch6/164_p164.tex,6654,B3339B34D30AA7698613C22A0E12B764F0E20497625D7ABF5E0690C98159CEF9
tex/volume_II/en/ch6/165_p165.tex,6542,4C142B72F93313161F18A8AC030E51D076C5F4DA6C61616C3C1DCFFD662633E1
tex/volume_II/en/ch6/166_p166.tex,6118,61BA28E2D5B4A86F81107901A6AB0931DA55A5EE023003E421305353CFC7F8EB
tex/volume_II/en/ch6/167_p167.tex,5836,355D5A396A322D25960B9A88A523FC3624B24B32FCCFA42E7DE457110D72AAF6
tex/volume_II/en/ch6/168_p168.tex,5807,186CABAD182E91D6CC0C07814C75BAA2545CFAA337272177B331E53E2A5C5375
tex/volume_II/en/ch6/169_p169.tex,5388,1799E1BE9D3C6426EDBA50BFD0170858E34811E1A3C5ACE5743D58C1F2C8D72D
tex/volume_II/en/ch6/170_p170.tex,5412,0CC1F01E59489F542FDF81736E296F22C389ED4821BA3C4B709BF4150DCFB805
tex/volume_II/en/ch6/171_p171.tex,4373,3EF900872865DB156D76449C2AD953D6DD282A3863D6828EACA8AA008E899D1C
tex/volume_II/en/ch6/172_p172.tex,4624,DF0F9196FCDDF0981FDBC3AA7D7F344D4378F2A7DBE5BC97A62F5B7FBF7B9989
tex/volume_II/en/ch6/173_p173.tex,5240,43C732C7F8C462DE50C833579901D794092019D4B081400AAB9C306275019FE8
tex/volume_II/en/ch6/174_p174.tex,5661,A88CBF1BA81734E893CD134003501CEDDFF737C945B78B1DC4BDB16925F14C88
tex/volume_II/en/front/000_title.tex,245,BFABED680C47DC52EDC5AC1BF8994B5D74DFD4F1DA79EF7011D0AF9DCBB74FDB
tex/volume_II/en/front/001_copyright.tex,238,31BF1CED0530D4BE7688B4E0964AACBE63F0011EB6D2D5EA31FB836B2FE4A18A
tex/volume_II/en/front/002_avertissement.tex,493,E99AF0808DD575D69D67B4FA2B1E6A15A40B0539B069C4939279EDA191BB2CAD
tex/volume_II/en/front/003_blank_roman_iv.tex,323,2A02537EE53EB7A20B40B43A370A470E715643BEB37C6352435FECE8AC819B89
tex/volume_II/en/front/004_toc_roman_v.tex,2150,6E97B964813C3C6A503A2C338F0B1A68FEC365A68EB54C2D2ABDA2976217FA47
tex/volume_II/en/front/005_toc_roman_vi.tex,2359,CD0DC4537A84DB305FD372CEB1B783690C8C835A86E8C79113DAD6611B65E7FD
tex/volume_II/en/front/006_toc_roman_vii.tex,1714,513F6AE67E82E29FC4C28BB152E7A523EBDEB56FD4DCEE3EEDD1D7BCFE69EBC0
tex/volume_II/fr_corrected/ch6/001_p001.tex,2959,6B88EFD2380CC5FA9EF4A8DF94AFFA67256BCB2B2050DE44D76C150787071561
tex/volume_II/fr_corrected/ch6/002_p002.tex,2863,5D48E1921ABF81C2FF7DAEB313660448CEFB13C39E28763974EC677077432638
tex/volume_II/fr_corrected/ch6/003_p003.tex,1456,1237D1AB9C9535D5C5BCF13EA78673D9E1D2FDA98BC3BE4AFFCBE8CD8B9D0522
tex/volume_II/fr_corrected/ch6/004_p004.tex,3093,4F8EB63B54D34BAF27443BAD9D9DFF186205C45D33998964BADC977400EC4286
tex/volume_II/fr_corrected/ch6/005_p005.tex,3572,54319CD869D7FF3871E04DC4660B467D7360651EFE327AA437D77E52AADDFFDE
tex/volume_II/fr_corrected/ch6/006_p006.tex,4728,B98CF390CD7F193A9F0F233DF6A4E6E3CA05C1353EB9CB827794BD76F88F78B5
tex/volume_II/fr_corrected/ch6/007_p007.tex,3082,C44F6B911BC4824C1989259C3E3F028AB9541A94B13CADEB222CA66ACFC699A8
tex/volume_II/fr_corrected/ch6/008_p008.tex,4496,5CA0E61DA239E4997639600F5A5286B3E178D6E35E550CB9EDEBD34307529A74
tex/volume_II/fr_corrected/ch6/009_p009.tex,3650,0CE63CBABBD96EC87BE5D7DCE44F2A46037F96D8A6F19F775DDF80E9A945D959
tex/volume_II/fr_corrected/ch6/010_p010.tex,4335,AF4C6E0D0C25815FF686F8F45464079C66C9A266F53CE73A6D0C580A51EA1D90
tex/volume_II/fr_corrected/ch6/011_p011.tex,3836,F22FE94CB113262AA41C60B27D07623042675841E2032CBFA0354C7B2BFE46C5
tex/volume_II/fr_corrected/ch6/012_p012.tex,4692,541B7D09D9C527A086FB6EFD0C4AD9B5C07F3CDADCDF05FA0DBDB3FD99B4FEAC
tex/volume_II/fr_corrected/ch6/013_p013.tex,4128,2D21B5AB370A71B2061F8153E9C2966F7DF23E7151BC79EC97837EF98C939B35
tex/volume_II/fr_corrected/ch6/014_p014.tex,3899,D5B98C7F2EF5EF6D93F3035E0D8A22BB058DCC16D2DF75DAEC29BEF18428B228
tex/volume_II/fr_corrected/ch6/015_p015.tex,4154,1A58E34DF84DEC3397C6ACB9B0137DA483A882EAF271C4B49C0B3EFC8F33824D
tex/volume_II/fr_corrected/ch6/016_p016.tex,4383,46BC0F25762BF5DED4963D3ACAC029D142D16A3BE1E490A79B351972188A9374
tex/volume_II/fr_corrected/ch6/017_p017.tex,5121,141EF1A7685D44674AF335F00FF101FB96C201D53DB3471E9BA018808F564B34
tex/volume_II/fr_corrected/ch6/018_p018.tex,4174,4AF40FDDD302977BF7B3BC0F5F915D04A7D3690031C397E3D60AA4F6385476D2
tex/volume_II/fr_corrected/ch6/019_p019.tex,4323,F15E0A9AB91CCAD98CAB098B795105866DE33ABFDAEA6D46AD6A54D7128A7AE3
tex/volume_II/fr_corrected/ch6/020_p020.tex,4636,222F8063084A5440D586595E4548F2B5CC48E8B95D5274845F27A0492A898FCB
tex/volume_II/fr_corrected/ch6/021_p021.tex,4914,834A56CAE9E141C2210B16C10EACDAC364B8BD09FBE0994100A0CDB3DB3A9B9A
tex/volume_II/fr_corrected/ch6/022_p022.tex,4427,CF4E99A0979EAFAB6491313CAD30D4D91DBD0DD6A8B4646628EB6B8652ACE032
tex/volume_II/fr_corrected/ch6/023_p023.tex,5427,D5FD30ECEFB916A64D3ED3E5F3B55404CC3CE2E5619B044638E5E1C38FBED3E0
tex/volume_II/fr_corrected/ch6/024_p024.tex,3685,53339034CFC6AA5CEA876D7E3876C9757D2F797754F7BE922A337BE775E39567
tex/volume_II/fr_corrected/ch6/025_p025.tex,5037,4BCD468ECBC923E95C30E7DF0912109DD3D62A974C3AF5AB0079AE390F4FBF94
tex/volume_II/fr_corrected/ch6/026_p026.tex,3211,CD376D9F2F1A13B348B8414E6FC73B7652241E5783132E164B0D78E9649B07FA
tex/volume_II/fr_corrected/ch6/027_p027.tex,4486,19A31D578A26924D5140D5DBD348C2B506E1F3D787504453E5EC372452DD49DF
tex/volume_II/fr_corrected/ch6/028_p028.tex,4158,F05470078D5A9D42287F1D1412095BA29865BF185990EC433F7051197F864328
tex/volume_II/fr_corrected/ch6/029_p029.tex,4670,1FD4BD95AE7648ADE214149FAF0ACDC1AB815851E49A2DFFB4C02A6C9748226F
tex/volume_II/fr_corrected/ch6/030_p030.tex,5201,7865126C97F1C66F42B477F37ECE79780F5883AB1D7FDD36626470CAD2E876A4
tex/volume_II/fr_corrected/ch6/031_p031.tex,3863,9F887467CE019EA1739435035E1DC007859196C0561476A9AF1266E6B69786AE
tex/volume_II/fr_corrected/ch6/032_p032.tex,5702,89D9A7B443A1E3B25225026D794A9119E76A270C5166E63DE9A7A41004E1F116
tex/volume_II/fr_corrected/ch6/033_p033.tex,3495,5B44FCB54BC321F7B337EFD5D80D4DE27AFD07341527A3ADBE21A9D0D6CE659A
tex/volume_II/fr_corrected/ch6/034_p034.tex,3426,A3C04F2A5A78F69107DFC3FDA3537BD06B9B9BA605251950D85C27D9C2987C5C
tex/volume_II/fr_corrected/ch6/035_p035.tex,3535,81470873134CA9CC259FB86AA7438ACCCAB2C35EF534B19BD95FB20A51638401
tex/volume_II/fr_corrected/ch6/036_p036.tex,3925,F418D5EBC346C2EE1CD2F4F4D5157B07978110D655631CECD53DF1C800FD7826
tex/volume_II/fr_corrected/ch6/037_p037.tex,4329,7B3046FC62DD1E90613B4A75151F5404D590378358976CF28A829E00CD793911
tex/volume_II/fr_corrected/ch6/038_p038.tex,3617,01C509FC1DBD5AA0B1C6CEE6AF9F974A64321BD809DD0FE78AEB2FA02BD0F6BC
tex/volume_II/fr_corrected/ch6/039_p039.tex,3597,7E7E817058FA843A55A245A58E1067052385AD35382159871CD86EF2F3DED31C
tex/volume_II/fr_corrected/ch6/040_p040.tex,3173,7FA1212B338A51CF32FD9B712201462A90EC72D46588F4C5E57169E395A1467F
tex/volume_II/fr_corrected/ch6/041_p041.tex,4022,3122428AFA62FBB35E4E20F118C602CB435934E167097D4DBE1F53359530970A
tex/volume_II/fr_corrected/ch6/042_p042.tex,3334,A7A74FC675D1E9A6388F9917331A8DCFDC7130878F898163AFD908672FB1FE70
tex/volume_II/fr_corrected/ch6/043_p043.tex,5369,55F38F56C86E9716014FA02F8C1CF0D0A54A739097767C0DD13951C3AA0032F0
tex/volume_II/fr_corrected/ch6/044_p044.tex,4299,46516A3BEB3D5A4C6D4FA1BBFF4FDFCFEF42515419E741A7C7B5FF798FEF9DB2
tex/volume_II/fr_corrected/ch6/045_p045.tex,4393,0D13F250D4C7AB195149F41D566BD6204F85F0AA497D3AD6422C5A2D13F67155
tex/volume_II/fr_corrected/ch6/046_p046.tex,3446,58C9CB7A1A2D66B2C0E8C16F35DCA5BF58608EC485B4D05038F7AF8781B54052
tex/volume_II/fr_corrected/ch6/047_p047.tex,4284,97C56F98BC946204F1966B4F2EB30B579E058D015F1367B2E62E5A0C15D78A5C
tex/volume_II/fr_corrected/ch6/048_p048.tex,4289,24CC87BDFAF24DB466A33CD156CB3DDD229445F4C81328DD448EB6C678743C3D
tex/volume_II/fr_corrected/ch6/049_p049.tex,5105,6BE70531A08736CEA7696BE50B9B9428B83E718C460E2A08312B14CB63B755BB
tex/volume_II/fr_corrected/ch6/050_p050.tex,3987,77828D4556E1F732E416E9ADAE5DC726D5338340B9C8C50C1B37BCE858281FE5
tex/volume_II/fr_corrected/ch6/051_p051.tex,4362,5D56834B6B115B9986AC2935939FB543260CE59FB076BE627C72B2DB1640E506
tex/volume_II/fr_corrected/ch6/052_p052.tex,4614,F49D67827D5828264213B285DAFB0D653773B8A1137867BE3059D7F3D9E6035A
tex/volume_II/fr_corrected/ch6/053_p053.tex,4754,2CAF82E9AA2F38343923B1BEA473CFD9B58FA744A2C7886AE6D3D2D86F6C9EAD
tex/volume_II/fr_corrected/ch6/054_p054.tex,4030,E9D780E6EBC182C8C22439891F05071C93D35DE2E376E82794D6AC10545BFBFC
tex/volume_II/fr_corrected/ch6/055_p055.tex,3507,8B53DDCD29E532951DDA6B5ACED3BF2075E5F0C046C1C80935B53481B0EB430B
tex/volume_II/fr_corrected/ch6/056_p056.tex,4635,8EE37E9769A62A46AF201A1949515F9DE14CAA39192521AC58F6A6D51D9DEB6F
tex/volume_II/fr_corrected/ch6/057_p057.tex,3761,95184E27F116CE54E311CC075AFCD34CB368A77FD902C96E18853209DB86BA70
tex/volume_II/fr_corrected/ch6/058_p058.tex,4254,9E491F2CDE21DACF2EBA274F85DE834B188D84999056B297AB2E1793A9E44CF3
tex/volume_II/fr_corrected/ch6/059_p059.tex,2504,150E8CCE1B0A261641F377884EC350C282F7389BED16890478F199984C17FB89
tex/volume_II/fr_corrected/ch6/060_p060.tex,4180,6E0D0F1ACA8B82FB13543F0CBA85C4C804F2C5B0393556F6C7CD5A9C9284F566
tex/volume_II/fr_corrected/ch6/061_p061.tex,4637,FB28B5ED6F69890372508BC9AE78085D2C331BEB20D43894EC95267FD97E8673
tex/volume_II/fr_corrected/ch6/062_p062.tex,4539,3932365041CAE8071F8CF77CD9863C3CF44AE918DFACD6047305562EA6433BDB
tex/volume_II/fr_corrected/ch6/063_p063.tex,2835,20FBC8DB4472380F90819C1D061D4EDDAA2233B39E6CDE56FEC17593EA383A18
tex/volume_II/fr_corrected/ch6/064_p064.tex,3091,3A705CC60513104A9CBACCC2E62409D5C09E5EC124402E5FB2F0501896C59C25
tex/volume_II/fr_corrected/ch6/065_p065.tex,4164,A2CD3AE1149182958BABCC7EFD706A68352BA81E7E476D111C8A982AEF195FCF
tex/volume_II/fr_corrected/ch6/066_p066.tex,3392,C2E2C611A8E87C2A0249879C0B230065DB35833E13B7205FE7136057F465BCEE
tex/volume_II/fr_corrected/ch6/067_p067.tex,4138,06705C965794C8CB68D5DE789CA47D6CD410E374190D10235F1DB7EAD3A52A19
tex/volume_II/fr_corrected/ch6/068_p068.tex,2706,6D7C7A898A4AD752BD9EC0ECD80CC872A5063C07D764E7FFE3E7F8204E1478C9
tex/volume_II/fr_corrected/ch6/069_p069.tex,5530,8470C29088D9D118749870A04D1679DDF4DEA2E6BE433879EFCE2FF21362700B
tex/volume_II/fr_corrected/ch6/070_p070.tex,4011,29B8607CB00AF1E6F330C6D096628F01D3DEEBE0491A61E6FC9673C0BFEC15C9
tex/volume_II/fr_corrected/ch6/071_p071.tex,4363,876C300A081EAF922CFF90B604721E7F86E96A703E4094441951F5112FCB2E9B
tex/volume_II/fr_corrected/ch6/072_p072.tex,2314,9B619DACF15003C0C7E3D5515193F22A915D9E7549758B408EAFEE7C67772EBD
tex/volume_II/fr_corrected/ch6/073_p073.tex,4140,0DF89A8D1D859DD52296121926006A76A6E1F8CD863721548680AA72A2327138
tex/volume_II/fr_corrected/ch6/074_p074.tex,4118,0F14DF510ED70D64448B394221F43607F1A282DC992E411796DA940C6A3C4F00
tex/volume_II/fr_corrected/ch6/075_p075.tex,5804,D32679DA5DD3FC3F8064AE4AB767881376AF49B3AE1AC2D007A2719EFC92BD96
tex/volume_II/fr_corrected/ch6/076_p076.tex,4092,0831F9A181A2B771AA96D1DC3CD979D335563B6306F4C51DC5522D847596CE60
tex/volume_II/fr_corrected/ch6/077_p077.tex,4394,707CC493CDABAA82454A5F11E2EF779F4173D5D945BBF9925FBD8CB08A59E3E2
tex/volume_II/fr_corrected/ch6/078_p078.tex,4531,7BDF9487CB46AC405549DFD498FBE04FA83627BBC0E04806B906A45C8801DD74
tex/volume_II/fr_corrected/ch6/079_p079.tex,4918,2656D376C2B1E6812BD3EEE9BED92BFE2329836D1381CBA8334A581F43397A8D
tex/volume_II/fr_corrected/ch6/080_p080.tex,3805,F7490AD86D07912977A44296339E97B9B23E839005C974E0F9F0B7C822ACE8E1
tex/volume_II/fr_corrected/ch6/081_p081.tex,3888,DE39E5FB6887594347ADC182475C735F5FA9595EFCB91AB0ED4D4F4C0CBAB339
tex/volume_II/fr_corrected/ch6/082_p082.tex,3564,29F2CBDE9FC84733CC3AE76E3127D003BB03F5CCFCEE745D43B6488D292C7D25
tex/volume_II/fr_corrected/ch6/083_p083.tex,4545,3352A0529ECDF2F1D4A538F5A67E0034BA891EF54AB5B8C868AA334C21CB6BFE
tex/volume_II/fr_corrected/ch6/084_p084.tex,4684,0A8BC8A6FBD8842881148B3204828A4377C10D5174BEA04A6F46D419CE572C3B
tex/volume_II/fr_corrected/ch6/085_p085.tex,4078,534B58EB6C65A1DD2C5197CB41773F5C3A6AF4B0F892A4F434DC15B5008E17A7
tex/volume_II/fr_corrected/ch6/086_p086.tex,3130,01ED7C83E2C76D457553287DDF2FFC33BFD147C7D2F5E87AB660490CD899B7E5
tex/volume_II/fr_corrected/ch6/087_p087.tex,3504,11B57A2EC4106DFC99928FEF66BC6DD61ECDBEDF37E9048FAE65FF9522DB075B
tex/volume_II/fr_corrected/ch6/088_p088.tex,4347,96563DA7D8FF3014B55049383835D821CC4EA309B649D006C5ADE46AFDACDB70
tex/volume_II/fr_corrected/ch6/089_p089.tex,4385,F7999DF5EBDAD5CF1A976949B58E4E616B1DE2D47910D0BED3F972C21AB791A6
tex/volume_II/fr_corrected/ch6/090_p090.tex,4209,811F59646B5850179625321380538398C3266262D573977A2A1BE2E7C4DD3288
tex/volume_II/fr_corrected/ch6/091_p091.tex,4074,2AF0DFDD0AE050466E349BF9E393A02BD7F3F8FC980958F350217EF353550000
tex/volume_II/fr_corrected/ch6/092_p092.tex,5036,680E15E217DE7C14EBDA9D7ACF2627F05F14A32EEAF90A84D1651D718A76F1DE
tex/volume_II/fr_corrected/ch6/093_p093.tex,5103,10670B93DB5697C7F7C59798F13976820CD5A8820643C58BD1B887E4B6AAFCA3
tex/volume_II/fr_corrected/ch6/094_p094.tex,4532,1F149609B2889266CC2366B7D541332B64F22C694E2AF7054D4EB6F30FFDB868
tex/volume_II/fr_corrected/ch6/095_p095.tex,4596,9EDF74B173FBA9C3D97904E5BEEDEA9806159B02B1806DB7D101C784781E4548
tex/volume_II/fr_corrected/ch6/096_p096.tex,4477,4698614DE88D528D6C55AF0552FDA84E7AF40EE055D52AD9620E9E7CB71EDDA7
tex/volume_II/fr_corrected/ch6/097_p097.tex,4706,927171C08151AE047D108EE955ABCAA767D99C9A17857827E51CACA20652E214
tex/volume_II/fr_corrected/ch6/098_p098.tex,4114,9EC77781619F37F6BECF691A42D653069F429856D865AB2EFD2887957D94090D
tex/volume_II/fr_corrected/ch6/099_p099.tex,4041,F41C09DC19BD1E370344B82F36983E161A8C7B35A73346C3C1B66CC36F826126
tex/volume_II/fr_corrected/ch6/100_p100.tex,4306,FE9FD650F628A790FFAE6AE35859D4AC3E4C6E7EF00050B7929B3201480DAFA8
tex/volume_II/fr_corrected/ch6/101_p101.tex,3847,507A9C890C5B8574C5EBF7592263B2D57BE4DD7E8CC8DF2DC298F5FCF744F851
tex/volume_II/fr_corrected/ch6/102_p102.tex,4175,1256F58450DB3D55DA1BE140199C2319B2803F9F0DEDE2630D6EA81BA2F527C3
tex/volume_II/fr_corrected/ch6/103_p103.tex,3873,EC46B88BA4F12903BD33D68658FB0C5A3DF1449EE480C144FDC969A6DEAB67F1
tex/volume_II/fr_corrected/ch6/104_p104.tex,4068,E078BAEC9ADDF3B6902D9F0051C3021A49B8266CC46D1094D716D9E67C673C13
tex/volume_II/fr_corrected/ch6/105_p105.tex,4569,407C42682390FF5908BD68B325197F6238BA89F563DE4A4A1A348388801BC7D2
tex/volume_II/fr_corrected/ch6/106_p106.tex,4801,FF70CF2BE938E5531C2EC868B811B3CAA1165A65F6DB8082D39CBBC4B70456DA
tex/volume_II/fr_corrected/ch6/107_p107.tex,4533,8787C75A70A7D693216E00B47E0AF5175EADD013E0FDFDA5317BA87483899B0A
tex/volume_II/fr_corrected/ch6/108_p108.tex,4398,6DACFAF1A1349115436652AA9EE26C5B2C409B9FDABE8EE574FCBB60458D1C93
tex/volume_II/fr_corrected/ch6/109_p109.tex,4022,AA214FD9A076EA4DF4295961CD3C7570AEF7A07BBC1821CC22FD723C6BDB3C96
tex/volume_II/fr_corrected/ch6/110_p110.tex,4270,ED1639CCA11726C0F889FB779227D20C357F2B6BB2EC045715ECC308FBCA9692
tex/volume_II/fr_corrected/ch6/111_p111.tex,3367,DF796FCA728E0CEC2EA1027C810619F71D89ABE5178D06DA0FAF7034371D4953
tex/volume_II/fr_corrected/ch6/112_p112.tex,4440,721262E237BAF0B2108C1FFB8176795D0F7A50B033FD6C904531A3B7C1748C0D
tex/volume_II/fr_corrected/ch6/113_p113.tex,4260,B18B0368187450C000E399EF86B0D6F8F0944B3E99F136B2DC2B1BE7BF5646DF
tex/volume_II/fr_corrected/ch6/114_p114.tex,4493,9CDC8729AD0C9EEA0AE4403ED2F0780864399081A38A8CBC2C90E57514E06D81
tex/volume_II/fr_corrected/ch6/115_p115.tex,3581,4AF456FB5E6ECDD119FEE793679D62F99BA610DEA6818F3F47BA2E562BD07F96
tex/volume_II/fr_corrected/ch6/116_p116.tex,4284,C32343CED6858D692E79613E0988A82781ABD8068C527F363D6CA5F81F934059
tex/volume_II/fr_corrected/ch6/117_p117.tex,4290,C985603FE863F96419DE1BFF0DBFBC40823B6FE8DB732990D05E6E1175EDFBFD
tex/volume_II/fr_corrected/ch6/118_p118.tex,4746,C4824215E6CA4565D863F6A25AA057E8D568E80DF63A8175D2A1DBABBBD818B6
tex/volume_II/fr_corrected/ch6/119_p119.tex,4391,8BC5432E9AD88A8B8F090236F986CE5CA3C6AA191EE50583A1B464269A9FC92D
tex/volume_II/fr_corrected/ch6/120_p120.tex,5070,F2D3E5D1E1C332989924E8622D5495C05B033F6448B503457E9BB0252E5B1C53
tex/volume_II/fr_corrected/ch6/121_p121.tex,3961,6DA66E3371BDDD60511FFC1D0167D986AF556ACBEC342AD99A7E1C86D1C9B93D
tex/volume_II/fr_corrected/ch6/122_p122.tex,4154,59E68589263BC60649910737D38A4E7CE1A4A40EFF0E7B4B0CE461E44BE9756C
tex/volume_II/fr_corrected/ch6/123_p123.tex,4114,875C03B55FECA597A4B061096AF94215FF41976242D34F1C6A1D54AD5ECF179B
tex/volume_II/fr_corrected/ch6/124_p124.tex,3582,78AB2932C6913BFB6230100CD14946A7DE5234896E331C8C0EBB14A54CB1E1F2
tex/volume_II/fr_corrected/ch6/125_p125.tex,3688,2151A6F2BBB8A9063744FFBF2FE66D7FCB1C97E9996CE63E619A20E6018FB03C
tex/volume_II/fr_corrected/ch6/126_p126.tex,5457,6DE3FD6C853C9FD8AECFBC97F8C326CA7A79AF273F87E62A9DC724645F20CC54
tex/volume_II/fr_corrected/ch6/127_p127.tex,3633,7255F71A860B99038E06986650E43F371DCB1485F0E5CC354CA93DE0237AE9D1
tex/volume_II/fr_corrected/ch6/128_p128.tex,4019,EC8C60CCDF5B1199C1ED9F39054BFBA9B00A35C1504E74DF9067177787FE0D30
tex/volume_II/fr_corrected/ch6/129_p129.tex,4137,E08B9DE0FD42800437FAF22EB43040ED5925E3CB6FB1A71528B0441B7FE1C64A
tex/volume_II/fr_corrected/ch6/130_p130.tex,4172,4AEDB9C7ED476D425C758F575643F67FD466805920EB300AF3C049E7DEC99175
tex/volume_II/fr_corrected/ch6/131_p131.tex,4315,2862E8374F5765FFD0ECD23072D038F1D0A3828399E1EEE8898883D3DA611272
tex/volume_II/fr_corrected/ch6/132_p132.tex,4060,C8270C7C1DA7F42FE942343E59DF261586F57F0657E0770CA0DF177CD980A053
tex/volume_II/fr_corrected/ch6/133_p133.tex,4790,5C27015C615D4E369539CC029D329D1C217FA33DF145D7590E8BA963B2E1F624
tex/volume_II/fr_corrected/ch6/134_p134.tex,4039,8B8C6C70A6C61B4A12553E0D30AA5BCF5205459ECCF560811303E46FF2D531D9
tex/volume_II/fr_corrected/ch6/135_p135.tex,4815,AE957972449DAC10B937BC98DC5EA23FCC76F2E6654CB937C252744A6478C945
tex/volume_II/fr_corrected/ch6/136_p136.tex,5029,D6980ECF5BE111102770B38C39836168CDDB612A2498A9E074BE5BE3E93F3E89
tex/volume_II/fr_corrected/ch6/137_p137.tex,4423,9C1A5F421A0298AE7E3B93B8CC73E63F7598488B4274242D3D502A71038DAD2E
tex/volume_II/fr_corrected/ch6/138_p138.tex,4285,293DEFF3728D317CEAC6674D3A8547191302F7F5501EB8DCAED1AB810433DE08
tex/volume_II/fr_corrected/ch6/139_p139.tex,4509,122D237C9BB38B9048F2FAF79023688F9CBD5042E3F419AEAC42F8235CCB6CF5
tex/volume_II/fr_corrected/ch6/140_p140.tex,5002,165150BE9ABE1730DBE6F7AD53975BDF230CFFCE73DF00BD28740BED8B1C29A2
tex/volume_II/fr_corrected/ch6/141_p141.tex,4055,DF14A6570117568E8E44ACC3BC0F9C68A673BCAC009F52099B44AB48D303B61D
tex/volume_II/fr_corrected/ch6/142_p142.tex,4055,43889527160BD8CC55505400E8CE7A306FC9C1EB06F1C5474553CE7938AA722A
tex/volume_II/fr_corrected/ch6/143_p143.tex,4618,433933D2A8EAA89F47DD1E2C0D659D53A3C68FC4C08C099246F9330282E6D3BF
tex/volume_II/fr_corrected/ch6/144_p144.tex,4262,7D47766058D0659A132DD2B6C9A08E7465157CB6B66F244796A408F4592586C1
tex/volume_II/fr_corrected/ch6/145_p145.tex,3960,7FAEE21431F83B1EF2E063DC7CCABDDE72ED218CF0E6EB8C7E0A3DE0E07022A4
tex/volume_II/fr_corrected/ch6/146_p146.tex,4895,04F95FFE326CC507F34287B04192C020C60A562A40254221BEB6585E5F893736
tex/volume_II/fr_corrected/ch6/147_p147.tex,4621,565D1D1276DB8F261B84520AA8B3A62E0F2F96D9399FA3EF37CD7AAFA2DA02F7
tex/volume_II/fr_corrected/ch6/148_p148.tex,4900,498023CCB087D055C8FD16231FC4AEA38B4E3FD26FCA3B71374AF7EDE782344E
tex/volume_II/fr_corrected/ch6/149_p149.tex,5254,55D9ED5E32450748A69545CC047A979E8992C1B39B27591D8CB913163A7353F5
tex/volume_II/fr_corrected/ch6/150_p150.tex,4704,DB45763139B437608AA6D1D87550255C98B5E91A7AC1CF59722C348F16EC9417
tex/volume_II/fr_corrected/ch6/151_p151.tex,5120,B1A91477360D6ED7497F11627A217DD81F093A91F36F221F0CC5EBB7E9B093A9
tex/volume_II/fr_corrected/ch6/152_p152.tex,4884,223A8A17800C3E810B649764A79B0D012DF320265B18E940E15305322A1B1F21
tex/volume_II/fr_corrected/ch6/153_p153.tex,4709,AE6421940EBACC5606B20406490D1F76D38E028691657CE1F2E1611642B7C6CC
tex/volume_II/fr_corrected/ch6/154_p154.tex,4400,289D0923308E24B7218DE723FFB665B39CD1E862FA7048F48267F9879D569564
tex/volume_II/fr_corrected/ch6/155_p155.tex,6102,3DAC98FB9FBA650A7D4941837524BC27ABCB4F8E52EE7C195E35C21320543D41
tex/volume_II/fr_corrected/ch6/156_p156.tex,5436,F0474D0C8340F21DCEA328E7DEDB305896DA11252F0D707B888BE902C482A30E
tex/volume_II/fr_corrected/ch6/157_p157.tex,5303,FF4C4AAB832A15BA46B6C9164658C49D94E97FC006D2EEAD5ABE106A6B9C84C8
tex/volume_II/fr_corrected/ch6/158_p158.tex,5277,B9EA1E330D97E407C1E639F25132F4B3B6C6A895E3004F1250735B203F6D61A6
tex/volume_II/fr_corrected/ch6/159_p159.tex,4994,85ADA27AE178E992202194222C7B389CC3D90CAE8D603033E2F6A9AB107A4018
tex/volume_II/fr_corrected/ch6/160_p160.tex,5513,21396BE5495EF3B1D35BD37DB1205ABB1B316416E5834B5A42918B3F06CDE6FD
tex/volume_II/fr_corrected/ch6/161_p161.tex,4875,4520A8EE8140CFF09C2B2FA251DE9D090DD2ADACA6BEAC99470787E3C5E1D570
tex/volume_II/fr_corrected/ch6/162_p162.tex,6119,68D2A5A33569920F160A5820CCDF85B5794923DF6FDDEE45004C5FD3D15518DA
tex/volume_II/fr_corrected/ch6/163_p163.tex,6042,5A77AA39C0B675F24224A636D787E415E60D28FFE449865B6D6B1F065360CC42
tex/volume_II/fr_corrected/ch6/164_p164.tex,6681,7C58CCA7405EE76374B5576FF94EE134523CC9B5917B966C62581CAB30157F91
tex/volume_II/fr_corrected/ch6/165_p165.tex,6562,FF3E5792DDC7C9C01B5A4CA70DD50F363D5B5A4513288D1F2B0E5C6A33B9CB68
tex/volume_II/fr_corrected/ch6/166_p166.tex,6136,08CC43936A444693B1AC97717D62FA4F53E88038A4FC372676EF90985D672900
tex/volume_II/fr_corrected/ch6/167_p167.tex,5896,00AA27026696B1E3CD7E8ABD4860C9AE9850693A593B39EAF3638BAFF5C489A9
tex/volume_II/fr_corrected/ch6/168_p168.tex,5884,35D7BFCAD6D9020FF44CDA27967F8F2B8368B44398A2DEBE5CDD19D2D44A3E28
tex/volume_II/fr_corrected/ch6/169_p169.tex,5453,91D795DB9EB3A65462086E5ABA235FD222A246394A097EFFC8A5D5C215A94A59
tex/volume_II/fr_corrected/ch6/170_p170.tex,5584,2C0BC9A9A3961BE4ABEBA49FD18ABB235B359EA806D247058EE0FAF7EF19781B
tex/volume_II/fr_corrected/ch6/171_p171.tex,4449,A7AA88F67142A2B8D6EF3C498EED3EA3C8FB40772223E086F509C98EFB9532E5
tex/volume_II/fr_corrected/ch6/172_p172.tex,4767,A1AB288A3B4D58CF8F9AA528F270E3A3735E9C72A7D87257DD65C791B7C3AB19
tex/volume_II/fr_corrected/ch6/173_p173.tex,5387,66AC56FAF2D5A470314584D46243423441972D1991578C21A30CBF78F65CE1F2
tex/volume_II/fr_corrected/ch6/174_p174.tex,5693,3A66040F6A8B2649D275E1EFD64A32F1CE3A88C89E94F0BA8DBC29F06E7DB98D
tex/volume_II/fr_corrected/front/000_title.tex,251,0F1DE89897500420C55E903CDD31A8A7D2C925B1A36AEDDEA09D238CD8EF9113
tex/volume_II/fr_corrected/front/001_copyright.tex,238,31BF1CED0530D4BE7688B4E0964AACBE63F0011EB6D2D5EA31FB836B2FE4A18A
tex/volume_II/fr_corrected/front/002_avertissement.tex,525,A7C6129AD3FE05816E4A7F31F8579136F6128C3EC4FB581A9DCE8B7DEF1AC8AC
tex/volume_II/fr_corrected/front/003_blank_roman_iv.tex,323,2A02537EE53EB7A20B40B43A370A470E715643BEB37C6352435FECE8AC819B89
tex/volume_II/fr_corrected/front/004_toc_roman_v.tex,2265,5C6D5CBF8E298102825D37DE146860AC322B7D86ED6E33120A9A245B9E4D7C28
tex/volume_II/fr_corrected/front/005_toc_roman_vi.tex,2503,CA3FDE3AB354EB3971914E6A74184968FDF4FB58C9BF70F7E157CDB0F8C5FE38
tex/volume_II/fr_corrected/front/006_toc_roman_vii.tex,1865,E6C642F8FB5D2F9F298FA232A3B1FC47E6DB9AD1341546A20EA8A642177CEC41
tex/volume_II/fr_diplomatic/ch6/001_p001.tex,2951,C37B37E7DB304DFD74656D3260B6652358316E7E340091A5ABAA38EEF2A4796A
tex/volume_II/fr_diplomatic/ch6/002_p002.tex,2844,A4F808AD34404C9AE9311E295230B8EFE8E83C0D22C9189751016D1BC28E78E7
tex/volume_II/fr_diplomatic/ch6/003_p003.tex,1451,05B96B01BE464F1945CF743FD437F3F205DE433357528ECF513DD47258EE5A54
tex/volume_II/fr_diplomatic/ch6/004_p004.tex,3092,21CB48E7F67B9F61E132BA535938C142F40FC4DDA26E23072EBCA7D153A032FD
tex/volume_II/fr_diplomatic/ch6/005_p005.tex,3593,BA1A8AAA62D41E3E2C975A3C452B54F357A058CED0A11F44C1059A7624493422
tex/volume_II/fr_diplomatic/ch6/006_p006.tex,4757,D3ABFE7BDC2C0F51BFFFA126B0913E67556C15883937D592E5C41E24327879D6
tex/volume_II/fr_diplomatic/ch6/007_p007.tex,3090,257FC2951A70112E2C19E32D922461AE7A543C9CF2EF61ABB9D6F112340C32DF
tex/volume_II/fr_diplomatic/ch6/008_p008.tex,4506,CF56CA9C6BE70C0790D5C8C12AC331381E74E3F547BE14370402F44AAF58F376
tex/volume_II/fr_diplomatic/ch6/009_p009.tex,3673,34C2052CB927F117833F9B59C048046C7F652DB0FD7E04A9939AB7EA8DC68065
tex/volume_II/fr_diplomatic/ch6/010_p010.tex,4359,377EAD4F884A35F83FFCFE43CBE63C6895C8BE370EDAF0F220576D5F10547B8C
tex/volume_II/fr_diplomatic/ch6/011_p011.tex,3852,022A10EA7143645C351FE70976A62ECCB4251444E074EA775FAF507EBE707866
tex/volume_II/fr_diplomatic/ch6/012_p012.tex,4712,11BD2328EBE15BE2D791CC95AC387C9A18B8267393DE414C1B9B0EB806424EC6
tex/volume_II/fr_diplomatic/ch6/013_p013.tex,4143,AE56383F4A8CC202D752DF21C2B2908A61187D96727609381667FC3F0CBD8392
tex/volume_II/fr_diplomatic/ch6/014_p014.tex,3924,9B0F4E700C2158283F00A8D2B2E0A921E3B5CE0E0CA3B74B0248908F6F6A9644
tex/volume_II/fr_diplomatic/ch6/015_p015.tex,4168,9988752FDF192FD9EC145B7B514D3053135E7AACDBA0C58328C3ECA156D24DF1
tex/volume_II/fr_diplomatic/ch6/016_p016.tex,4397,B46EE68D276430B36320E3D3DC860406951D738F2F54923CD61685494180E3AA
tex/volume_II/fr_diplomatic/ch6/017_p017.tex,5159,AAF0E752B142644F9EFF79BCFB53A6F9E1A29CB31CC1B4CFB0431B835AEB21DE
tex/volume_II/fr_diplomatic/ch6/018_p018.tex,4201,71A665E3FF4CB6F16DAC02E033A564E7B1DD1FFCBF0BF06E1124B587D1E93F9A
tex/volume_II/fr_diplomatic/ch6/019_p019.tex,4330,81EFB9690BC5B5472C6BE9811F6BCF3E6280F5DF55C0E002C05C04954CF8A96B
tex/volume_II/fr_diplomatic/ch6/020_p020.tex,4681,C1636020C35EAAED5906F285F8EDB4A5E52509F3E497BB2A7D4F13C3DC4DE296
tex/volume_II/fr_diplomatic/ch6/021_p021.tex,4930,F9A28DF1AE672B5AD2D1B87D17913ECF47B5E47672B52FC38F61B145D5EA5BA5
tex/volume_II/fr_diplomatic/ch6/022_p022.tex,4437,9F737EBEF0CEEC743A2EB6E6D79C8630120A31123DF874B3CAFD773914C89CFF
tex/volume_II/fr_diplomatic/ch6/023_p023.tex,5443,00CB41EFC1CD1E2E1A154BA31A90DE8A6FFA67F47AF0930BA32A41F8E7C65820
tex/volume_II/fr_diplomatic/ch6/024_p024.tex,3827,33AB7FF1F74489FD5453743A57A0DBB3E0D16998840A096B350965A933BA0E8C
tex/volume_II/fr_diplomatic/ch6/025_p025.tex,5123,F08EE4ECD52B90A4F2D355AA34EE7A26650E8F822A63CCD8DEF8F894587A2753
tex/volume_II/fr_diplomatic/ch6/026_p026.tex,3290,CA1FECC6C5B27E78E16D5EDA9D5A60AF019208D38502E21883A263968A468B0C
tex/volume_II/fr_diplomatic/ch6/027_p027.tex,4649,829C8CF72B56628DC416AE94532C3D993388AB8AAF6C236ACE2ACD12CFBAC6A5
tex/volume_II/fr_diplomatic/ch6/028_p028.tex,4257,2D1237FA936A7D16C39A2AEA557FC88755F7ABE5611E7C0E563516117359D9E5
tex/volume_II/fr_diplomatic/ch6/029_p029.tex,4794,F85AC4F6BAADA3BBD9C1188E8DEDDC3D42D4CBE4E8CEB2E2B009C0F7E2CFDB7B
tex/volume_II/fr_diplomatic/ch6/030_p030.tex,5318,AA8038562B2AEE5386F1DE86F3D90779D7A460089780B00D17CB55459833DC62
tex/volume_II/fr_diplomatic/ch6/031_p031.tex,3975,9C64C35B62E56D8C53980048947D61E175530365950D9F1B05368215CFC07A03
tex/volume_II/fr_diplomatic/ch6/032_p032.tex,5824,BCEFD8CC0AEEBC5A4C5BA70A9345F21DDAE0ECE02F3745A00F77E410F07BFA08
tex/volume_II/fr_diplomatic/ch6/033_p033.tex,3630,02D8932EE2F648002D6872ED454A6BDAFDDCFE69F7075DF72F404A935BE7FDE6
tex/volume_II/fr_diplomatic/ch6/034_p034.tex,3501,F945F915E0FC3A6B268F825C165D74169797C40A12E35F1D1493B1E006FFF7D0
tex/volume_II/fr_diplomatic/ch6/035_p035.tex,3647,7620F63A3AAD9BE389E08B38AE21A83F0E008B0CE2A37A744B448FE40A94D4D7
tex/volume_II/fr_diplomatic/ch6/036_p036.tex,4077,2C4AD2223F20F8B27DE66FFDDCA656AF4067282B7C7CD350CB14C0A56B9C6F34
tex/volume_II/fr_diplomatic/ch6/037_p037.tex,4472,CAE1FC45B12107148B5AF95A9E374134BD9D2554229F90AAB455B1A86A1B7374
tex/volume_II/fr_diplomatic/ch6/038_p038.tex,3692,82165F6F695878F288E41727B5A5810DD1E852D55C545220FDF8F7F1E2A38D63
tex/volume_II/fr_diplomatic/ch6/039_p039.tex,3675,CFC3E74BE2361EF1B21200FC151EFBDF4E6977AF9FE3E1E8FB57BF442E9388AE
tex/volume_II/fr_diplomatic/ch6/040_p040.tex,3225,2D8E4159102537CF1E76075C72BFB7C79F0036BBDEBFCF5D917F18B8FB146B21
tex/volume_II/fr_diplomatic/ch6/041_p041.tex,4196,FCFD6D8B32C179E2DF25E334A8310EFFC2D40B88F854453D60B8F4CB430F7522
tex/volume_II/fr_diplomatic/ch6/042_p042.tex,3393,85803B57988CFD3E4F28DD16483FB18A288E9BD8157143F5AD471A065DE294ED
tex/volume_II/fr_diplomatic/ch6/043_p043.tex,5573,4CEEA304257D89209650CDA9C95CE5CE35AFC601A09189A48790AB1E60CD3969
tex/volume_II/fr_diplomatic/ch6/044_p044.tex,4406,E81E8005EEC92C81155E7797254045E22EE92960D8FBE95B068758755F2452D1
tex/volume_II/fr_diplomatic/ch6/045_p045.tex,4531,5FE0EB94F1211ABC3B1BFCB2FB5F7168B4BA8D78D2A50D5455E10D4AFEE00393
tex/volume_II/fr_diplomatic/ch6/046_p046.tex,4104,4D36D5F2B44F379E78B5AEDBEB47997F9B3057818AF7879D2794F519B3D23FE8
tex/volume_II/fr_diplomatic/ch6/047_p047.tex,4448,061B30012DE3B8BE20C87F5184EF0B3DB5EAC7CCDBA58FE38C43E4E0BFB15BFC
tex/volume_II/fr_diplomatic/ch6/048_p048.tex,4379,600B4C4FA76B7AFA325FDB3AC1A20F125795BD04F8099BFE808710C87DD51B4C
tex/volume_II/fr_diplomatic/ch6/049_p049.tex,5516,9F0AC40BC84F7C87B9C3E817ECCF89BA40E0AAFDAF04A661C5B427C6286B00E0
tex/volume_II/fr_diplomatic/ch6/050_p050.tex,4118,46179C98B4BA330E7D0CF00490C6AA388BC8EC2D989485AA1FBA115240A1F0F2
tex/volume_II/fr_diplomatic/ch6/051_p051.tex,4556,B4E7B4EC7C46829A04217EE13B6BEC51FEF8664D08BAE7A40FAE673679A4B0F1
tex/volume_II/fr_diplomatic/ch6/052_p052.tex,4765,8035D1B967A3E32A79D558CA82AF7DA79893AF1122A219347BBCB5BF651EC2C3
tex/volume_II/fr_diplomatic/ch6/053_p053.tex,4934,BEC76E9A274D38CD771FBEB502CEC238D6ABCCAF42E3FD927D28E4060A6B92CC
tex/volume_II/fr_diplomatic/ch6/054_p054.tex,4256,7AD91273DCD68E6B43DA019DAD8F8DD56F160C2B019366C8EE6FAE5ED345CBC3
tex/volume_II/fr_diplomatic/ch6/055_p055.tex,3619,B746AFAA09C821B62C11B932A4B63250A9B331A42F3F8CF2665A55669E8384FB
tex/volume_II/fr_diplomatic/ch6/056_p056.tex,4702,801A6C9B261AC0C0B6FF9A9F5944B045B0A4D816563117824643BDD4358E23D1
tex/volume_II/fr_diplomatic/ch6/057_p057.tex,3901,4A532BCF38FB7E41D8F3C0403DECCD9532B0731D49966C6C04C0E10CC800903E
tex/volume_II/fr_diplomatic/ch6/058_p058.tex,4289,E1A7C40A275DE7FE8854C6C444FBFC9724C7238E50B0CCF6A9D1216FBBDFD38E
tex/volume_II/fr_diplomatic/ch6/059_p059.tex,2500,29BE026D59DC7D690A5CE028211FF92ACE7C51EBD817E28BFABB71E3995A0E34
tex/volume_II/fr_diplomatic/ch6/060_p060.tex,4294,F700325FCA3ACBDE9382635C288EFF8A90C091D29EDAD37A01A3532F327AC3DB
tex/volume_II/fr_diplomatic/ch6/061_p061.tex,4668,7446F357C38EC5AAED3F14642B79CAAB26859B26162C4150DF8AF5819596F809
tex/volume_II/fr_diplomatic/ch6/062_p062.tex,4702,8A767DA2B5F98243D28EC182DA33C11762E6A199448D7045C7B748B20A11BF96
tex/volume_II/fr_diplomatic/ch6/063_p063.tex,2836,A13DC66708A1DB87AD4388D291B680FD919D185EB45A95C65C3C2ED7884923E7
tex/volume_II/fr_diplomatic/ch6/064_p064.tex,3084,787708BA629D3521893F585DFC125165A14E0E9A9663F1D6CC957DA540220906
tex/volume_II/fr_diplomatic/ch6/065_p065.tex,4214,ED64762B32955DBA4E976D12C36DCDDB700D2C45D880304DD27B10D2F58C0A35
tex/volume_II/fr_diplomatic/ch6/066_p066.tex,3388,99A5AAE67E7FE739D8B79A7682D77D7AE358034C0D3E49F08653DE2951DCF7A7
tex/volume_II/fr_diplomatic/ch6/067_p067.tex,4310,4AAF51F39F362DFC13D4CBA5D50CB1C20D1AF756621988F38E41CB0E47933BD6
tex/volume_II/fr_diplomatic/ch6/068_p068.tex,2687,8604A82662775392326DAC8393CCD62DE7F9AEC42EA15E26CE24548FF780E18F
tex/volume_II/fr_diplomatic/ch6/069_p069.tex,5606,17F91E76BF296BADAE32198D6B7DF0C8B87688F9A384CBF30BBC4128F371A4FB
tex/volume_II/fr_diplomatic/ch6/070_p070.tex,4125,0B4F1F13EA57D81F160C3BB0386D1582EFD52BAE47F3CE681BD3AFF5E49EA668
tex/volume_II/fr_diplomatic/ch6/071_p071.tex,4355,52E58C5A08AA39348E4E8D61D48F995F21A29453DDE6AF88012ABF8F2B8A4C5D
tex/volume_II/fr_diplomatic/ch6/072_p072.tex,2314,94B855BC7552C768B1428DD1320B0FB48D346C238C1E4B00B6CBCEF87D54148F
tex/volume_II/fr_diplomatic/ch6/073_p073.tex,4329,8951C32B4C44C31FBE44EA142131B12AF1B7751BC78D024159ECFA3F612EAB69
tex/volume_II/fr_diplomatic/ch6/074_p074.tex,4228,A9DB97332F7E82DE94A7080AAAD4D575C01EAADC88AE74BB224023137F9B7268
tex/volume_II/fr_diplomatic/ch6/075_p075.tex,5927,E4C62CE9357FB0775EE2DD36DF5A0FBF5390252DD5B76241B890985D6C4E5798
tex/volume_II/fr_diplomatic/ch6/076_p076.tex,4182,50CB637D2EC13B43542FE91B004689ED850206832A634AEA3331C9BC05953DD0
tex/volume_II/fr_diplomatic/ch6/077_p077.tex,4485,553B1DB2AD4FD4BF0C3D7333AC3CDDC215FE7914A43521F02BE81FFD8AD08064
tex/volume_II/fr_diplomatic/ch6/078_p078.tex,4622,917B3BC0D2713330280E3A72E95394B7D31C02061BD3BC6966B66EE44C7937E5
tex/volume_II/fr_diplomatic/ch6/079_p079.tex,5058,6388019C2DD75D280576D48AA386180E789885A86AC8CA92244BB7CF80FA34E5
tex/volume_II/fr_diplomatic/ch6/080_p080.tex,3940,2AA89511DDC82B58520F2AE2A6A825141628293F21F483B6EA0623E8D74C3FC7
tex/volume_II/fr_diplomatic/ch6/081_p081.tex,4055,EB21DD327F85496431D6D9E0079D01AB2A3862645793103EBE72AB587C19D495
tex/volume_II/fr_diplomatic/ch6/082_p082.tex,3699,23370C447A732BBBCB215A9E60A3C2485E7C49C84F23C153DADE74AC07969EF1
tex/volume_II/fr_diplomatic/ch6/083_p083.tex,4692,28963E3F5C02269A57DFBCE2270EB7F0F5F4CF3814E1BCF5E1DD2C3739A0E016
tex/volume_II/fr_diplomatic/ch6/084_p084.tex,4851,E0BB72313BA8FD5EC8F5BCBD4153A2B8A995167D0633AE77472F330F70760A57
tex/volume_II/fr_diplomatic/ch6/085_p085.tex,4209,0E93257D547E160BEDB78D09E3F1D4B56D354BB4B61E4ECEEA9C3D9011CD8809
tex/volume_II/fr_diplomatic/ch6/086_p086.tex,3200,4B4AE94EF051E9A046CDDE3A804B5330DC54A12294BA757B8DC43ADE29835642
tex/volume_II/fr_diplomatic/ch6/087_p087.tex,3633,6477755F9A50785F3E9B90D58622A80C6C466BC6A50B6330886EBC142CF23971
tex/volume_II/fr_diplomatic/ch6/088_p088.tex,4428,14759062F58355170C1D48FAE2D5B6EE53DAF5D3C8AC60780A3A82FE43FEEA03
tex/volume_II/fr_diplomatic/ch6/089_p089.tex,4490,38F69EC8F64BDCE508459E8243A53D1A96F7F792ED71257683ABCF7E119F1E23
tex/volume_II/fr_diplomatic/ch6/090_p090.tex,4269,2F7B5C65B56DC535268F3BAC3D9F8A2435DC211E3ADFE82F7F0AD69AD36504A7
tex/volume_II/fr_diplomatic/ch6/091_p091.tex,4191,5820CC40866DED9E9955B2DA416FA79402A36716B328B2BE4B8834D562BD54DA
tex/volume_II/fr_diplomatic/ch6/092_p092.tex,5151,A3DA5DC343F371AB499377991A989BA017342872CAE99B8DEC57498E7DD5DF65
tex/volume_II/fr_diplomatic/ch6/093_p093.tex,5216,99FF431065A8B1324A62090B4E6DA8524CA5DD3EC9F4FB04145F24F5446E9D7B
tex/volume_II/fr_diplomatic/ch6/094_p094.tex,4727,C9B96CDD1343892D5D0A2DFB1FEAF13892BFE02B3368FA5C2AB305D05C634503
tex/volume_II/fr_diplomatic/ch6/095_p095.tex,4748,4A9E5FD74D065CA706F8ACBEEC01DCDEBE37832A81839A417CA5AAF47B81A507
tex/volume_II/fr_diplomatic/ch6/096_p096.tex,4520,24C97D839D680C673D1FFF8FCF0649B88F742EE437B68BDACF0613509CD1561A
tex/volume_II/fr_diplomatic/ch6/097_p097.tex,4812,A325D84B18FF342429D3173C6DA927096E38C2EB60B580399A458FEFF6E79BD8
tex/volume_II/fr_diplomatic/ch6/098_p098.tex,4262,9FDBE9063AFB81E4DF76C87D2C44A7277E8BB78BCDB383CE165EF5C88AEC0C98
tex/volume_II/fr_diplomatic/ch6/099_p099.tex,4137,14E8DC6503A53BEDDB7CE9854A153AE86B718E34A0805F409A5A94688801BF32
tex/volume_II/fr_diplomatic/ch6/100_p100.tex,4393,D725A9A07F5BBBFA66133B371E8D795D30683767A0C5CC7C383CDBA2DC567899
tex/volume_II/fr_diplomatic/ch6/101_p101.tex,4008,55884F9029832AEBB778CA98E6A484C61E0E40FFD9F60E89010BD9403B8D37FD
tex/volume_II/fr_diplomatic/ch6/102_p102.tex,4374,A069B65595C4EE2B9C66F798B1105985B4F20FECEE67A3073548A9B6CBCFCAF7
tex/volume_II/fr_diplomatic/ch6/103_p103.tex,4014,2B3C195ADC410F965F8227E60F04871F519D4CF00808615CABF7D3E67904F0F2
tex/volume_II/fr_diplomatic/ch6/104_p104.tex,4239,D25595B1FC49EDED1750DB0B59A1718566CB0ABF2F1CB8D9356DF05DA40772F6
tex/volume_II/fr_diplomatic/ch6/105_p105.tex,4724,253C55EA6B24D6C0CF55AE9EA0CB33350E6B9E8C6779D41FCBB88F3D481034E3
tex/volume_II/fr_diplomatic/ch6/106_p106.tex,4884,927946FD3C28AA853160E8E2BDE402099A079F4E88CE4D5EAD38AAE45753F6F9
tex/volume_II/fr_diplomatic/ch6/107_p107.tex,4646,E7069B48F3B4EC66CDDD47A92690E4E027B74BAE3804A80982E794572111CE8D
tex/volume_II/fr_diplomatic/ch6/108_p108.tex,4502,DA7F504791CEC67C52BEA46037B5D9D06DCEEC4A4CD660FC551865D43FF3FED6
tex/volume_II/fr_diplomatic/ch6/109_p109.tex,4131,A8BEBC8C6C8C0F74B48478239DBCD512BE99171C3534CC5704FCA97A051A8E11
tex/volume_II/fr_diplomatic/ch6/110_p110.tex,4328,AABD55BF533D680D88EA9E72412F10B8CD0372DBDCC7184073995D80668287C6
tex/volume_II/fr_diplomatic/ch6/111_p111.tex,3482,6E64A7FAEE1BBD7DF300AE8B5CC3E315767C26BCA988B37EF1BE0DFBB6A490DE
tex/volume_II/fr_diplomatic/ch6/112_p112.tex,4534,8985E2E7E85675867D101FAAD99304A128B63F96E3F40C149F3F931B43E8A825
tex/volume_II/fr_diplomatic/ch6/113_p113.tex,4335,6E5A1AD12F1411FB2C28D9A9C513F7FFEE3FF30BD3C485C4C4D90E3EDF333129
tex/volume_II/fr_diplomatic/ch6/114_p114.tex,4507,F6707CFE13458ECB8D742600A50F67F87BBAF45A690E8489B4EB110BB17C30D7
tex/volume_II/fr_diplomatic/ch6/115_p115.tex,3692,4116FEC59C10DB1B2B61DA5123FFF710C9F8AFCC33ABC4BB92A0C4F9CD529D43
tex/volume_II/fr_diplomatic/ch6/116_p116.tex,4386,6853ACC9199F51C192FF7446F0D3C9365B96C299507DB9491F91F2E34818C976
tex/volume_II/fr_diplomatic/ch6/117_p117.tex,4416,54EB1168FD551231B5FDC1D4626CF312D3C02E8413DCBE960A1BEAA09007BCE8
tex/volume_II/fr_diplomatic/ch6/118_p118.tex,4846,B230A5C4B0F5E1DA685E3AAE107AF48CB05B54F7707B287957EA8DF8215B618B
tex/volume_II/fr_diplomatic/ch6/119_p119.tex,4514,75CCC5AE0046126E965FA326771FC6612ED3C0F255918CECB55E6E9877B8B581
tex/volume_II/fr_diplomatic/ch6/120_p120.tex,5195,FB001B7729F10352462FBC8F79846E3B12EF1CEB208ECF08D504E21622850B0F
tex/volume_II/fr_diplomatic/ch6/121_p121.tex,4116,F2672780D2DA47C9CECC21BD691BE47767789B379019FF9C3638975F9F6FC50E
tex/volume_II/fr_diplomatic/ch6/122_p122.tex,4154,59E68589263BC60649910737D38A4E7CE1A4A40EFF0E7B4B0CE461E44BE9756C
tex/volume_II/fr_diplomatic/ch6/123_p123.tex,4170,3763A67C5DC8B71BCB9F4514082E16E479FACEF1C7C5856C2DEC66B51C7C6F07
tex/volume_II/fr_diplomatic/ch6/124_p124.tex,3609,9F5D04975A0500622133499E8D284B9122B63D66FF37F7ECEDB3765BA632896E
tex/volume_II/fr_diplomatic/ch6/125_p125.tex,3733,AD3979554021BA94ED7E0EFAB1DB8A817F597BE1B26C121E895446D78753512F
tex/volume_II/fr_diplomatic/ch6/126_p126.tex,5525,8AEB990874D3838C06C4D12080EED9526A9A4D1FCE919118258C1458CB932913
tex/volume_II/fr_diplomatic/ch6/127_p127.tex,3729,C7CB45D9DBE6E4387AB4AF2F88EAD1EB2AF853237DEC5792408864CEC170185F
tex/volume_II/fr_diplomatic/ch6/128_p128.tex,4091,DD4C97FF884A7D06322A2F88C38E697CB24BAF0B4DD47793FE6B8271ADA6EDD2
tex/volume_II/fr_diplomatic/ch6/129_p129.tex,4281,298715FF56C95591BD8B975306D2D439CA797D85E2F61C0290FD84C4AA331C49
tex/volume_II/fr_diplomatic/ch6/130_p130.tex,4250,0ACC7F662C20A1BC608430ACE97DDB216FE4A58184DE6A8363D708A1470FD6B4
tex/volume_II/fr_diplomatic/ch6/131_p131.tex,4373,B92F739E22C03E18B8D4085DB5C99619DDA22B0D90BDE0B8D59B5EA6951E5DCD
tex/volume_II/fr_diplomatic/ch6/132_p132.tex,4138,46F18917609CB1809969DDE3DA5077AD65927AC9F7BADC9BA576D5BFCD599927
tex/volume_II/fr_diplomatic/ch6/133_p133.tex,4912,FAE9B95B819EA20067D7EDFE3DADCDD341196DD29C168EE777E3F958BDD63775
tex/volume_II/fr_diplomatic/ch6/134_p134.tex,4174,7566E83157AD242B69209F414F746614B3A760B71EFFB81B06F2BDC1DBC60F18
tex/volume_II/fr_diplomatic/ch6/135_p135.tex,4829,BC09C045DCD99714FDE26697895C834BD251C2B316CD1B54A5A58CB60509E54C
tex/volume_II/fr_diplomatic/ch6/136_p136.tex,5087,11C563CD9875259ADB4518A9F004AD27BC4A3C21FB226DA0D99EFB6F1003908B
tex/volume_II/fr_diplomatic/ch6/137_p137.tex,4515,2E486005064371D02E6EB5B5918B5C9819D452E56A079F02922F6948C4F4AA37
tex/volume_II/fr_diplomatic/ch6/138_p138.tex,4341,5AF5FB67FBB7D28CD3B0229031C61DBCE2E5FFB8DDB23C46CD0963F5FA5160F2
tex/volume_II/fr_diplomatic/ch6/139_p139.tex,4589,A1FDF52B6CF99EE16462D1007DA479952330D811B135D7F2CDB5C86DCB6DE932
tex/volume_II/fr_diplomatic/ch6/140_p140.tex,5093,9B895B14190767CF8D3A2C7E3F3135ED5F5E7D3EFB13BE2891A0843121066C2F
tex/volume_II/fr_diplomatic/ch6/141_p141.tex,4099,BE494173036AA9C80D92988060F525970F43D0D9A318CF739B9E520868FCAAF8
tex/volume_II/fr_diplomatic/ch6/142_p142.tex,4176,33B72434CC5D7B90B605A122AAA63A28A76A8ACD9EAF2AF1F967151D175381FA
tex/volume_II/fr_diplomatic/ch6/143_p143.tex,4677,8A16B30561F0F5BF2861A6010E591984350A560B6A194BED21F2D01FEE914E2A
tex/volume_II/fr_diplomatic/ch6/144_p144.tex,4461,56BCBE945C439B3FEC4776A54604C55062A1CBCF885D0D22FC68D83576ED2699
tex/volume_II/fr_diplomatic/ch6/145_p145.tex,3967,42D7BC4D5A3DE7A3C5719AF0FED42BF2258E87C5BEE1A5A6469F26E94708CAA7
tex/volume_II/fr_diplomatic/ch6/146_p146.tex,5016,761DC97138DE206C39E5928CBF6632DF8F7C5A277CBFF16259D94CC271A2E9AB
tex/volume_II/fr_diplomatic/ch6/147_p147.tex,4656,E2C84DC4007729D37BFB0002122EA0BABD0E781A63FE5624DA8EDF0D79B06089
tex/volume_II/fr_diplomatic/ch6/148_p148.tex,4986,DC51D3706137328C00D2B71E712090DAAD0830C0872F55217B233BE4C185FFCB
tex/volume_II/fr_diplomatic/ch6/149_p149.tex,5380,3C49A66A6F474446CF4D3A632C8AF692C5214714AD9C1663268E216536F31C43
tex/volume_II/fr_diplomatic/ch6/150_p150.tex,4824,1CFBB984EEB74C3A9A1BD4FFA41FE0A781F335C3B5F969D03520BC380EF94ABE
tex/volume_II/fr_diplomatic/ch6/151_p151.tex,5222,05B8D665DB1BDB73FA6BC3DFA996EDB2D11F578B67A874710CBDCE7A160D3B0E
tex/volume_II/fr_diplomatic/ch6/152_p152.tex,4950,D46285A45BD1D020978CFBCCDB68E1472F394FDCFFC72B6D61E1466EF07AC2DE
tex/volume_II/fr_diplomatic/ch6/153_p153.tex,4710,A7EF2632B26663CE047A423F8BA98AAEAA206732AAB8F1833C607803E29909FD
tex/volume_II/fr_diplomatic/ch6/154_p154.tex,4486,295A687133EFE893361E509CE35BA840047D3D6800D6E3C9BCBD4280FFAFCDCF
tex/volume_II/fr_diplomatic/ch6/155_p155.tex,6224,CD6C3F8F8954B64331B2994C61F1242D8EBE2EA442EBAE4E5AC70FE6510732A1
tex/volume_II/fr_diplomatic/ch6/156_p156.tex,5534,6779B84E88C199FBCF2732564D5FC475C8D105FB7A91F8AA216ED1FD61A944EA
tex/volume_II/fr_diplomatic/ch6/157_p157.tex,5389,C702D989FF053D3403DDFBABD777C3F1B2A7FC3CE0840BA139AC881C32E7B312
tex/volume_II/fr_diplomatic/ch6/158_p158.tex,5375,8D75D0B4993CFAC46D68608CD5A9D4B0FC8E1EEE216C72562F9E90D1909D0940
tex/volume_II/fr_diplomatic/ch6/159_p159.tex,5038,CE06375712BD6D5CA6E27A6FB4F5F87CA9CD4C4F09665379D456E80B78A3766F
tex/volume_II/fr_diplomatic/ch6/160_p160.tex,5554,1AEAD90C9C922A5589DF1653EAB24146CBAE6B8F967ED4E13F35F15462124DCC
tex/volume_II/fr_diplomatic/ch6/161_p161.tex,4957,946317C194DD0C206398DA07F0F6E24A9B2F015BCD9821C11E00EA68105AE409
tex/volume_II/fr_diplomatic/ch6/162_p162.tex,6166,AB77EADD87E9277CC0482FFD47118B0517EA98DFF8B695A7E0B3D9AF36E45EE4
tex/volume_II/fr_diplomatic/ch6/163_p163.tex,6107,A9BB799D9F433A14D0417C4827801D7B5ABED87E9A66BD150822E0B6D633A4F2
tex/volume_II/fr_diplomatic/ch6/164_p164.tex,6725,285DB04008CE3A9C18F2B5378D9CC3B9D7F503FD46C30E52F9DBB93259643DA7
tex/volume_II/fr_diplomatic/ch6/165_p165.tex,6588,52021339ABF76C4E65E3F5828E0EF640DB78ECFDD76E60A84135CFD0C6C301B5
tex/volume_II/fr_diplomatic/ch6/166_p166.tex,6174,D0BE4E3CDFA6BCEBE8E2C0C847CC1270D0D36EC1079429A65E97841FA0E3CC48
tex/volume_II/fr_diplomatic/ch6/167_p167.tex,5958,C7E82581D9EF5FD87022F924CA19F40E937881F93701130792FF427F15558827
tex/volume_II/fr_diplomatic/ch6/168_p168.tex,5942,9BDF980039FE56AA0C0ACD7830A1C79B72B73B0CF999D47C4BF5CA3C2BB236BE
tex/volume_II/fr_diplomatic/ch6/169_p169.tex,5527,CEE34D10F8BEEE741AC471756238DFB5EE72786E2302FAB0EA6450CCD9A3DF10
tex/volume_II/fr_diplomatic/ch6/170_p170.tex,5627,DAA2CA3F33F42708DD8AD96F663652139151AB7F9DDA8AE2B129D9651736D78D
tex/volume_II/fr_diplomatic/ch6/171_p171.tex,4499,4BEE31B40C76276FCD7F62928419263762FAD093FA9CEBB1B31BFEB3E762B0BE
tex/volume_II/fr_diplomatic/ch6/172_p172.tex,4848,87C9A1A38ABD60E53076EB3751428480B980BD4BC3200ADFE1DCE8E94DC86B21
tex/volume_II/fr_diplomatic/ch6/173_p173.tex,5433,E4E06C0309957224FDF824E78C0DB4D0E806551134F15BE0687C046CC46389A8
tex/volume_II/fr_diplomatic/ch6/174_p174.tex,5743,CA580A61290CF7E1F05A6513C37685C345B7E09407F75359A36058684384ECBA
tex/volume_II/fr_diplomatic/front/000_title.tex,251,0F1DE89897500420C55E903CDD31A8A7D2C925B1A36AEDDEA09D238CD8EF9113
tex/volume_II/fr_diplomatic/front/001_copyright.tex,238,31BF1CED0530D4BE7688B4E0964AACBE63F0011EB6D2D5EA31FB836B2FE4A18A
tex/volume_II/fr_diplomatic/front/002_avertissement.tex,525,A7C6129AD3FE05816E4A7F31F8579136F6128C3EC4FB581A9DCE8B7DEF1AC8AC
tex/volume_II/fr_diplomatic/front/003_blank_roman_iv.tex,323,2A02537EE53EB7A20B40B43A370A470E715643BEB37C6352435FECE8AC819B89
tex/volume_II/fr_diplomatic/front/004_toc_roman_v.tex,2185,AFEADB69904F2A7B342A936A754D03A48FBFFB773C662680E49E7D7EDB9F0BA8
tex/volume_II/fr_diplomatic/front/005_toc_roman_vi.tex,2419,B0D0BED467C58A108EE41A80A92DCE7DE6FC4B4534DAE8F389DCD69AAAAA6FDA
tex/volume_II/fr_diplomatic/front/006_toc_roman_vii.tex,1785,2D868442295734E6A4BF2BEEE2254387EF67D0743595A5908E26B93DA5317C49
